[
  {
    "animal_id": "A101",
    "animal_type": "Dog",
    "name": "Blaze",
    "breed": "Newfoundland",
    "sex_upon_outcome": "Intact Female",
    "outcome_type": "Adoption",
    "age_upon_outcome_in_weeks": 61,
    "location_lat": 30.241,
    "location_lon": -97.748999
  },
  {
    "animal_id": "A102",
    "animal_type": "Dog",
    "name": "Athena",
    "breed": "Newfoundland",
    "sex_upon_outcome": "Intact Female",
    "outcome_type": "Adoption",
    "age_upon_outcome_in_weeks": 134,
    "location_lat": 30.267068,
    "location_lon": -97.724313
  },
  {
    "animal_id": "A103",
    "animal_type": "Dog",
    "name": "Jax",
    "breed": "Labrador Retriever",
    "sex_upon_outcome": "Intact Female",
    "outcome_type": "Adoption",
    "age_upon_outcome_in_weeks": 32,
    "location_lat": 30.243748,
    "location_lon": -97.750694
  },
  {
    "animal_id": "A104",
    "animal_type": "Dog",
    "name": "Nala",
    "breed": "Newfoundland",
    "sex_upon_outcome": "Intact Female",
    "outcome_type": "Transfer",
    "age_upon_outcome_in_weeks": 82,
    "location_lat": 30.268641,
    "location_lon": -97.731947
  },
  {
    "animal_id": "A105",
    "animal_type": "Dog",
    "name": "Maverick",
    "breed": "Chesapeake Bay Retriever",
    "sex_upon_outcome": "Intact Female",
    "outcome_type": "Return to Owner",
    "age_upon_outcome_in_weeks": 134,
    "location_lat": 30.272377,
    "location_lon": -97.75974
  },
  {
    "animal_id": "A106",
    "animal_type": "Dog",
    "name": "Indy",
    "breed": "Chesapeake Bay Retriever",
    "sex_upon_outcome": "Intact Female",
    "outcome_type": "Return to Owner",
    "age_upon_outcome_in_weeks": 52,
    "location_lat": 30.246219,
    "location_lon": -97.721711
  },
  {
    "animal_id": "A107",
    "animal_type": "Dog",
    "name": "Jax",
    "breed": "Labrador Retriever",
    "sex_upon_outcome": "Intact Female",
    "outcome_type": "Foster",
    "age_upon_outcome_in_weeks": 93,
    "location_lat": 30.243869,
    "location_lon": -97.7261
  },
  {
    "animal_id": "A108",
    "animal_type": "Dog",
    "name": "Luna",
    "breed": "Labrador Retriever",
    "sex_upon_outcome": "Intact Female",
    "outcome_type": "Foster",
    "age_upon_outcome_in_weeks": 46,
    "location_lat": 30.261449,
    "location_lon": -97.721075
  },
  {
    "animal_id": "A109",
    "animal_type": "Dog",
    "name": "Milo",
    "breed": "Newfoundland",
    "sex_upon_outcome": "Intact Female",
    "outcome_type": "Return to Owner",
    "age_upon_outcome_in_weeks": 75,
    "location_lat": 30.273176,
    "location_lon": -97.735259
  },
  {
    "animal_id": "A110",
    "animal_type": "Dog",
    "name": "Rex",
    "breed": "Newfoundland",
    "sex_upon_outcome": "Intact Female",
    "outcome_type": "Adoption",
    "age_upon_outcome_in_weeks": 46,
    "location_lat": 30.241833,
    "location_lon": -97.750884
  },
  {
    "animal_id": "A111",
    "animal_type": "Dog",
    "name": "Milo",
    "breed": "Labrador Retriever",
    "sex_upon_outcome": "Intact Female",
    "outcome_type": "Adoption",
    "age_upon_outcome_in_weeks": 67,
    "location_lat": 30.255205,
    "location_lon": -97.741864
  },
  {
    "animal_id": "A112",
    "animal_type": "Dog",
    "name": "Ozzy",
    "breed": "Chesapeake Bay Retriever",
    "sex_upon_outcome": "Intact Female",
    "outcome_type": "Return to Owner",
    "age_upon_outcome_in_weeks": 44,
    "location_lat": 30.24838,
    "location_lon": -97.749321
  },
  {
    "animal_id": "A113",
    "animal_type": "Dog",
    "name": "Ivy",
    "breed": "Newfoundland",
    "sex_upon_outcome": "Intact Female",
    "outcome_type": "Transfer",
    "age_upon_outcome_in_weeks": 123,
    "location_lat": 30.261366,
    "location_lon": -97.750208
  },
  {
    "animal_id": "A114",
    "animal_type": "Dog",
    "name": "Vega",
    "breed": "Old English Sheepdog",
    "sex_upon_outcome": "Intact Male",
    "outcome_type": "Transfer",
    "age_upon_outcome_in_weeks": 40,
    "location_lat": 30.267385,
    "location_lon": -97.726286
  },
  {
    "animal_id": "A115",
    "animal_type": "Dog",
    "name": "Zeus",
    "breed": "Alaskan Malamute",
    "sex_upon_outcome": "Intact Male",
    "outcome_type": "Adoption",
    "age_upon_outcome_in_weeks": 80,
    "location_lat": 30.272202,
    "location_lon": -97.743953
  },
  {
    "animal_id": "A116",
    "animal_type": "Dog",
    "name": "Mojo",
    "breed": "Rottweiler",
    "sex_upon_outcome": "Intact Male",
    "outcome_type": "Return to Owner",
    "age_upon_outcome_in_weeks": 143,
    "location_lat": 30.248505,
    "location_lon": -97.740031
  },
  {
    "animal_id": "A117",
    "animal_type": "Dog",
    "name": "Finn",
    "breed": "Alaskan Malamute",
    "sex_upon_outcome": "Intact Male",
    "outcome_type": "Return to Owner",
    "age_upon_outcome_in_weeks": 93,
    "location_lat": 30.245585,
    "location_lon": -97.7302
  },
  {
    "animal_id": "A118",
    "animal_type": "Dog",
    "name": "Blaze",
    "breed": "Rottweiler",
    "sex_upon_outcome": "Intact Male",
    "outcome_type": "Foster",
    "age_upon_outcome_in_weeks": 61,
    "location_lat": 30.275913,
    "location_lon": -97.744024
  },
  {
    "animal_id": "A119",
    "animal_type": "Dog",
    "name": "Gunner",
    "breed": "Rottweiler",
    "sex_upon_outcome": "Intact Male",
    "outcome_type": "Foster",
    "age_upon_outcome_in_weeks": 65,
    "location_lat": 30.243636,
    "location_lon": -97.758115
  },
  {
    "animal_id": "A120",
    "animal_type": "Dog",
    "name": "Jax",
    "breed": "Alaskan Malamute",
    "sex_upon_outcome": "Intact Male",
    "outcome_type": "Foster",
    "age_upon_outcome_in_weeks": 145,
    "location_lat": 30.263856,
    "location_lon": -97.744609
  },
  {
    "animal_id": "A121",
    "animal_type": "Dog",
    "name": "Scout",
    "breed": "Rottweiler",
    "sex_upon_outcome": "Intact Male",
    "outcome_type": "Return to Owner",
    "age_upon_outcome_in_weeks": 55,
    "location_lat": 30.278843,
    "location_lon": -97.725569
  },
  {
    "animal_id": "A122",
    "animal_type": "Dog",
    "name": "Rex",
    "breed": "Rottweiler",
    "sex_upon_outcome": "Intact Male",
    "outcome_type": "Return to Owner",
    "age_upon_outcome_in_weeks": 137,
    "location_lat": 30.270744,
    "location_lon": -97.746393
  },
  {
    "animal_id": "A123",
    "animal_type": "Dog",
    "name": "Rocco",
    "breed": "Alaskan Malamute",
    "sex_upon_outcome": "Intact Male",
    "outcome_type": "Foster",
    "age_upon_outcome_in_weeks": 93,
    "location_lat": 30.24013,
    "location_lon": -97.731116
  },
  {
    "animal_id": "A124",
    "animal_type": "Dog",
    "name": "Lex",
    "breed": "Rottweiler",
    "sex_upon_outcome": "Intact Male",
    "outcome_type": "Transfer",
    "age_upon_outcome_in_weeks": 102,
    "location_lat": 30.260307,
    "location_lon": -97.755744
  },
  {
    "animal_id": "A125",
    "animal_type": "Dog",
    "name": "Finn",
    "breed": "Rottweiler",
    "sex_upon_outcome": "Intact Male",
    "outcome_type": "Transfer",
    "age_upon_outcome_in_weeks": 26,
    "location_lat": 30.246114,
    "location_lon": -97.7295
  },
  {
    "animal_id": "A126",
    "animal_type": "Dog",
    "name": "Milo",
    "breed": "Rottweiler",
    "sex_upon_outcome": "Intact Male",
    "outcome_type": "Return to Owner",
    "age_upon_outcome_in_weeks": 104,
    "location_lat": 30.259544,
    "location_lon": -97.755525
  },
  {
    "animal_id": "A127",
    "animal_type": "Dog",
    "name": "Athena",
    "breed": "German Shepherd",
    "sex_upon_outcome": "Intact Male",
    "outcome_type": "Adoption",
    "age_upon_outcome_in_weeks": 69,
    "location_lat": 30.249635,
    "location_lon": -97.737306
  },
  {
    "animal_id": "A128",
    "animal_type": "Dog",
    "name": "Bailey",
    "breed": "Bloodhound",
    "sex_upon_outcome": "Intact Male",
    "outcome_type": "Adoption",
    "age_upon_outcome_in_weeks": 91,
    "location_lat": 30.279119,
    "location_lon": -97.738692
  },
  {
    "animal_id": "A129",
    "animal_type": "Dog",
    "name": "Koda",
    "breed": "Bloodhound",
    "sex_upon_outcome": "Intact Male",
    "outcome_type": "Transfer",
    "age_upon_outcome_in_weeks": 134,
    "location_lat": 30.250602,
    "location_lon": -97.725103
  },
  {
    "animal_id": "A130",
    "animal_type": "Dog",
    "name": "Nico",
    "breed": "Rottweiler",
    "sex_upon_outcome": "Intact Male",
    "outcome_type": "Transfer",
    "age_upon_outcome_in_weeks": 217,
    "location_lat": 30.268518,
    "location_lon": -97.74404
  },
  {
    "animal_id": "A131",
    "animal_type": "Dog",
    "name": "Indy",
    "breed": "Bloodhound",
    "sex_upon_outcome": "Intact Male",
    "outcome_type": "Foster",
    "age_upon_outcome_in_weeks": 36,
    "location_lat": 30.24484,
    "location_lon": -97.751012
  },
  {
    "animal_id": "A132",
    "animal_type": "Dog",
    "name": "Quinn",
    "breed": "Rottweiler",
    "sex_upon_outcome": "Intact Male",
    "outcome_type": "Transfer",
    "age_upon_outcome_in_weeks": 56,
    "location_lat": 30.263538,
    "location_lon": -97.759712
  },
  {
    "animal_id": "A133",
    "animal_type": "Dog",
    "name": "Zeus",
    "breed": "German Shepherd",
    "sex_upon_outcome": "Intact Male",
    "outcome_type": "Adoption",
    "age_upon_outcome_in_weeks": 289,
    "location_lat": 30.276217,
    "location_lon": -97.725615
  },
  {
    "animal_id": "A134",
    "animal_type": "Dog",
    "name": "Bailey",
    "breed": "German Shepherd",
    "sex_upon_outcome": "Intact Male",
    "outcome_type": "Return to Owner",
    "age_upon_outcome_in_weeks": 268,
    "location_lat": 30.266759,
    "location_lon": -97.751431
  },
  {
    "animal_id": "A135",
    "animal_type": "Dog",
    "name": "Mocha",
    "breed": "German Shepherd",
    "sex_upon_outcome": "Intact Male",
    "outcome_type": "Foster",
    "age_upon_outcome_in_weeks": 246,
    "location_lat": 30.2723,
    "location_lon": -97.752384
  },
  {
    "animal_id": "A136",
    "animal_type": "Dog",
    "name": "Harley",
    "breed": "Golden Retriever",
    "sex_upon_outcome": "Intact Male",
    "outcome_type": "Foster",
    "age_upon_outcome_in_weeks": 76,
    "location_lat": 30.256444,
    "location_lon": -97.725447
  },
  {
    "animal_id": "A137",
    "animal_type": "Dog",
    "name": "Mocha",
    "breed": "Doberman Pinscher",
    "sex_upon_outcome": "Intact Male",
    "outcome_type": "Foster",
    "age_upon_outcome_in_weeks": 153,
    "location_lat": 30.269129,
    "location_lon": -97.727976
  },
  {
    "animal_id": "A138",
    "animal_type": "Dog",
    "name": "Copper",
    "breed": "German Shepherd",
    "sex_upon_outcome": "Intact Male",
    "outcome_type": "Transfer",
    "age_upon_outcome_in_weeks": 168,
    "location_lat": 30.261451,
    "location_lon": -97.754393
  },
  {
    "animal_id": "A139",
    "animal_type": "Dog",
    "name": "Gigi",
    "breed": "Rottweiler",
    "sex_upon_outcome": "Intact Male",
    "outcome_type": "Transfer",
    "age_upon_outcome_in_weeks": 51,
    "location_lat": 30.274979,
    "location_lon": -97.756985
  },
  {
    "animal_id": "A140",
    "animal_type": "Dog",
    "name": "Blue",
    "breed": "German Shepherd",
    "sex_upon_outcome": "Intact Male",
    "outcome_type": "Adoption",
    "age_upon_outcome_in_weeks": 68,
    "location_lat": 30.27876,
    "location_lon": -97.722945
  },
  {
    "animal_id": "A141",
    "animal_type": "Dog",
    "name": "Harley",
    "breed": "Rottweiler",
    "sex_upon_outcome": "Intact Male",
    "outcome_type": "Foster",
    "age_upon_outcome_in_weeks": 68,
    "location_lat": 30.259254,
    "location_lon": -97.725414
  },
  {
    "animal_id": "A142",
    "animal_type": "Dog",
    "name": "Ivy",
    "breed": "Rottweiler",
    "sex_upon_outcome": "Intact Male",
    "outcome_type": "Adoption",
    "age_upon_outcome_in_weeks": 99,
    "location_lat": 30.279412,
    "location_lon": -97.749392
  },
  {
    "animal_id": "A143",
    "animal_type": "Dog",
    "name": "Harley",
    "breed": "Rottweiler",
    "sex_upon_outcome": "Intact Male",
    "outcome_type": "Foster",
    "age_upon_outcome_in_weeks": 41,
    "location_lat": 30.246192,
    "location_lon": -97.748132
  },
  {
    "animal_id": "A144",
    "animal_type": "Dog",
    "name": "Cleo",
    "breed": "Bloodhound",
    "sex_upon_outcome": "Intact Male",
    "outcome_type": "Adoption",
    "age_upon_outcome_in_weeks": 66,
    "location_lat": 30.242006,
    "location_lon": -97.740928
  },
  {
    "animal_id": "A145",
    "animal_type": "Dog",
    "name": "Zeus",
    "breed": "German Shepherd",
    "sex_upon_outcome": "Intact Male",
    "outcome_type": "Adoption",
    "age_upon_outcome_in_weeks": 86,
    "location_lat": 30.274054,
    "location_lon": -97.757259
  },
  {
    "animal_id": "A146",
    "animal_type": "Dog",
    "name": "Iris",
    "breed": "Rottweiler",
    "sex_upon_outcome": "Intact Male",
    "outcome_type": "Adoption",
    "age_upon_outcome_in_weeks": 36,
    "location_lat": 30.277664,
    "location_lon": -97.737213
  },
  {
    "animal_id": "A147",
    "animal_type": "Dog",
    "name": "Juno",
    "breed": "German Shepherd",
    "sex_upon_outcome": "Intact Male",
    "outcome_type": "Foster",
    "age_upon_outcome_in_weeks": 92,
    "location_lat": 30.266295,
    "location_lon": -97.737391
  },
  {
    "animal_id": "A148",
    "animal_type": "Dog",
    "name": "Nico",
    "breed": "Doberman Pinscher",
    "sex_upon_outcome": "Intact Male",
    "outcome_type": "Return to Owner",
    "age_upon_outcome_in_weeks": 102,
    "location_lat": 30.249547,
    "location_lon": -97.744169
  },
  {
    "animal_id": "A149",
    "animal_type": "Dog",
    "name": "Scout",
    "breed": "Rottweiler",
    "sex_upon_outcome": "Intact Male",
    "outcome_type": "Return to Owner",
    "age_upon_outcome_in_weeks": 143,
    "location_lat": 30.277161,
    "location_lon": -97.722571
  },
  {
    "animal_id": "A150",
    "animal_type": "Dog",
    "name": "Bailey",
    "breed": "German Shepherd",
    "sex_upon_outcome": "Intact Male",
    "outcome_type": "Adoption",
    "age_upon_outcome_in_weeks": 115,
    "location_lat": 30.261505,
    "location_lon": -97.739765
  }
]